Address,PayAmount,Name,Note
0x111111111111111111111111111111127f1674ad,1105,test01,
0x11111111111111111111111111111118ec964442,1105,test02,
0x1111111111111111111111111111111a1ca28ede,1105,test03,
0x1111111111111111111111111111111bd92b71a0,1105,test04,
0x111111111111111111111111111111146d18c2bd,1105,test05,
0x1111111111111111111111111111111651205632,1105,test06,
0x1111111111111111111111111111111bf57bbac8,1105,test07,asdf
0x11111111111111111111111111111119a0d41ff0,1105,test08,
0x11111111111111111111111111111114b6e1eef7,1105,test09,
0x11111111111111111111111111111113dd2064a5,1105,test10,
0x1111111111111111111111111111111a798f8a48,1105,test11,
0x11111111111111111111111111111111a09a7313,1105,test12,
0x1111111111111111111111111111111d417eff52,1105,test13,
0x1111111111111111111111111111111ea50564e1,1105,test14,
0x11111111111111111111111111111113e5384015,1105,test15,
0x1111111111111111111111111111111ec7b55ff8,1105,test16,ds
0x1111111111111111111111111111111620b8bd7b,1105,test17,
0x11111111111111111111111111111116b787a21a,1105,test18,
0x1111111111111111111111111111111819c0e7d8,1105,test19,
0x11111111111111111111111111111114cc82922c,1105,test20,
0x1111111111111111111111111111111c50a2e965,1105,test21,
0x1111111111111111111111111111111f6cf8ed3e,1105,test22,
0x1111111111111111111111111111111b34a1ea89,1105,test23,
0x1111111111111111111111111111111a8a4a6196,1105,test24,
0x1111111111111111111111111111111f647aef6b,1105,test25,
0x1111111111111111111111111111111663c8e0e2,1105,test26,
0x1111111111111111111111111111111263049c62,1105,test27,
0x11111111111111111111111111111119ddd649b9,1105,test28,
0x11111111111111111111111111111113fe22c715,1105,test29,